{
  "diff_list": [
    0.012703895568847656,
    0.013327598571777344,
    0.014828681945800781,
    0.016721725463867188,
    0.01850605010986328,
    0.020277023315429688,
    0.0220184326171875,
    0.023647308349609375,
    0.025208473205566406,
    0.026853561401367188,
    0.02854156494140625,
    0.03023529052734375,
    0.03195953369140625,
    0.03369903564453125,
    0.035472869873046875,
    0.03723335266113281,
    0.0390167236328125,
    0.040767669677734375,
    0.04249000549316406,
    0.04413795471191406,
    0.04590034484863281,
    0.04781532287597656,
    0.04998970031738281,
    0.05303001403808594,
    0.057804107666015625,
    0.06769561767578125,
    0.11964797973632812
  ],
  "diff_l2_list": [
    0.11766433715820312,
    0.10215377807617188,
    0.11219406127929688,
    0.09648895263671875,
    0.08732986450195312,
    0.07975387573242188,
    0.06916046142578125,
    0.061939239501953125,
    0.06154823303222656,
    0.0596466064453125,
    0.05653572082519531,
    0.05438804626464844,
    0.05213356018066406,
    0.0504913330078125,
    0.04763221740722656,
    0.046047210693359375,
    0.043212890625,
    0.04075050354003906,
    0.037479400634765625,
    0.038514137268066406,
    0.04011726379394531,
    0.043552398681640625,
    0.057353973388671875,
    0.08260726928710938,
    0.14605712890625,
    0.43408203125
  ],
  "diff_l3_list": [
    0.0731196403503418,
    0.015775710344314575,
    0.007732033729553223,
    0.0048482418060302734,
    0.003371685743331909,
    0.0031897425651550293,
    0.001619786024093628,
    0.0023024678230285645,
    0.0015623271465301514,
    0.0007468163967132568,
    0.00042578577995300293,
    0.0011911988258361816,
    0.0006828904151916504,
    0.0001475214958190918,
    0.0008659660816192627,
    0.00028586387634277344,
    0.0005598068237304688,
    0.0006345510482788086,
    0.001342475414276123,
    0.0018284320831298828,
    0.0027562379837036133,
    0.008585453033447266,
    0.016470909118652344,
    0.04413414001464844,
    0.3107147216796875
  ]
}