{
  "diff_list": [
    0.01337885856628418,
    0.016210287809371948,
    0.018023982644081116,
    0.018772244453430176,
    0.019726186990737915,
    0.02084103226661682,
    0.02185344696044922,
    0.02315908670425415,
    0.024516940116882324,
    0.02660927176475525,
    0.02871006727218628,
    0.030605733394622803,
    0.0328291654586792,
    0.0353754460811615,
    0.03792273998260498,
    0.04104679822921753,
    0.04444742202758789,
    0.048239707946777344,
    0.052614688873291016,
    0.05750536918640137,
    0.06308799982070923,
    0.06958192586898804,
    0.07708477973937988,
    0.08592712879180908,
    0.09680306911468506,
    0.11039566993713379,
    0.1289680004119873
  ],
  "diff_l2_list": [
    0.1706555187702179,
    0.09795552492141724,
    0.041210293769836426,
    0.048820555210113525,
    0.053758978843688965,
    0.04664599895477295,
    0.05658304691314697,
    0.05559587478637695,
    0.07761549949645996,
    0.07241088151931763,
    0.06193673610687256,
    0.06776392459869385,
    0.07199549674987793,
    0.06727886199951172,
    0.07612860202789307,
    0.07644927501678467,
    0.0785679817199707,
    0.08306944370269775,
    0.08496665954589844,
    0.0883951187133789,
    0.09313845634460449,
    0.09728634357452393,
    0.1027376651763916,
    0.11223149299621582,
    0.12326622009277344,
    0.1440269947052002
  ],
  "diff_l3_list": [
    0.03205552697181702,
    0.027690432965755463,
    0.006850995123386383,
    0.004067465662956238,
    0.002448122948408127,
    0.006691236048936844,
    0.0010412335395812988,
    0.014296196401119232,
    0.0019108392298221588,
    0.005103694275021553,
    0.005532845854759216,
    0.004709810018539429,
    0.000723615288734436,
    0.007357582449913025,
    0.0034850239753723145,
    0.004433587193489075,
    0.005735039710998535,
    0.004996411502361298,
    0.005977272987365723,
    0.007333815097808838,
    0.007046177983283997,
    0.00867994874715805,
    0.01192428171634674,
    0.014153718948364258,
    0.022404640913009644
  ]
}